id,gender,race_ethnicity,parental_level_of_education,lunch,test_preparation_course,math_score,reading_score,writing_score
CF0001,female,group B,bachelor's degree,standard,none,72,72,74
CF0002,female,group C,some college,standard,completed,69,90,88
CF0003,female,group B,master's degree,standard,none,90,95,93
CF0004,male,group A,associate's degree,free/reduced,none,47,57,44
CF0005,male,group C,some college,standard,none,76,78,75
CF0006,female,group B,associate's degree,standard,none,71,83,78
CF0007,female,group B,some college,standard,completed,88,95,92
CF0008,male,group B,some college,free/reduced,none,40,43,39
CF0009,male,group D,high school,free/reduced,completed,64,64,67
CF0010,female,group B,high school,free/reduced,none,38,60,50
CF0011,male,group C,associate's degree,standard,none,58,54,52
CF0012,male,group D,associate's degree,standard,none,40,52,43
CF0013,female,group B,high school,standard,none,65,81,73
CF0014,male,group A,some college,standard,completed,78,72,70
CF0015,female,group A,master's degree,standard,none,50,53,58
CF0016,female,group C,some high school,standard,none,69,75,78
CF0017,male,group C,high school,standard,none,88,89,86
CF0018,female,group B,some high school,free/reduced,none,18,32,28
CF0019,male,group C,master's degree,free/reduced,completed,46,42,46
CF0020,female,group C,associate's degree,free/reduced,none,54,58,61
CF0021,male,group D,high school,standard,none,66,69,63
CF0022,female,group B,some college,free/reduced,completed,65,75,70
CF0023,male,group D,some college,standard,none,44,54,53
CF0024,female,group C,some high school,standard,none,69,73,73
CF0025,male,group D,bachelor's degree,free/reduced,completed,74,71,80
CF0026,male,group A,master's degree,free/reduced,none,73,74,72
CF0027,male,group B,some college,standard,none,69,54,55
CF0028,female,group C,bachelor's degree,standard,none,67,69,75
CF0029,male,group C,high school,standard,none,70,70,65
CF0030,female,group D,master's degree,standard,none,62,70,75
CF0031,female,group D,some college,standard,none,69,74,74
CF0032,female,group B,some college,standard,none,63,65,61
CF0033,female,group E,master's degree,free/reduced,none,56,72,65
CF0034,male,group D,some college,standard,none,40,42,38
CF0035,male,group E,some college,standard,none,97,87,82
CF0036,male,group E,associate's degree,standard,completed,81,81,79
CF0037,female,group D,associate's degree,standard,none,74,81,83
CF0038,female,group D,some high school,free/reduced,none,50,64,59
CF0039,female,group D,associate's degree,free/reduced,completed,75,90,88
CF0040,male,group B,associate's degree,free/reduced,none,57,56,57
CF0041,male,group C,associate's degree,free/reduced,none,55,61,54
CF0042,female,group C,associate's degree,standard,none,58,73,68
CF0043,female,group B,associate's degree,standard,none,53,58,65
CF0044,male,group B,some college,free/reduced,completed,59,65,66
CF0045,female,group E,associate's degree,free/reduced,none,50,56,54
CF0046,male,group B,associate's degree,standard,none,65,54,57
CF0047,female,group A,associate's degree,standard,completed,55,65,62
CF0048,female,group C,high school,standard,none,66,71,76
CF0049,female,group D,associate's degree,free/reduced,completed,57,74,76
CF0050,male,group C,high school,standard,completed,82,84,82
CF0051,male,group E,some college,standard,none,53,55,48
CF0052,male,group E,associate's degree,free/reduced,completed,77,69,68
CF0053,male,group C,some college,standard,none,53,44,42
CF0054,male,group D,high school,standard,none,88,78,75
CF0055,female,group C,some high school,free/reduced,completed,71,84,87
CF0056,female,group C,high school,free/reduced,none,33,41,43
CF0057,female,group E,associate's degree,standard,completed,82,85,86
CF0058,male,group D,associate's degree,standard,none,52,55,49
CF0059,male,group D,some college,standard,completed,58,59,58
CF0060,female,group C,some high school,free/reduced,none,0,17,10
CF0061,male,group E,bachelor's degree,free/reduced,completed,79,74,72
CF0062,male,group A,some high school,free/reduced,none,39,39,34
CF0063,male,group A,associate's degree,free/reduced,none,62,61,55
CF0064,female,group C,associate's degree,standard,none,69,80,71
CF0065,female,group D,some high school,standard,none,59,58,59
CF0066,male,group B,some high school,standard,none,67,64,61
CF0067,male,group D,some high school,free/reduced,none,45,37,37
CF0068,female,group C,some college,standard,none,60,72,74
CF0069,male,group B,associate's degree,free/reduced,none,61,58,56
CF0070,female,group C,associate's degree,standard,none,39,64,57
CF0071,female,group D,some college,free/reduced,completed,58,63,73
CF0072,male,group D,some college,standard,completed,63,55,63
CF0073,female,group A,associate's degree,free/reduced,none,41,51,48
CF0074,male,group C,some high school,free/reduced,none,61,57,56
CF0075,male,group C,some high school,standard,none,49,49,41
CF0076,male,group B,associate's degree,free/reduced,none,44,41,38
CF0077,male,group E,some high school,standard,none,30,26,22
CF0078,male,group A,bachelor's degree,standard,completed,80,78,81
CF0079,female,group D,some high school,standard,completed,61,74,72
CF0080,female,group E,master's degree,standard,none,62,68,68
CF0081,female,group B,associate's degree,standard,none,47,49,50
CF0082,male,group B,high school,free/reduced,none,49,45,45
CF0083,male,group A,some college,free/reduced,completed,50,47,54
CF0084,male,group E,associate's degree,standard,none,72,64,63
CF0085,male,group D,high school,free/reduced,none,42,39,34
CF0086,female,group C,some college,standard,none,73,80,82
CF0087,female,group C,some college,free/reduced,none,76,83,88
CF0088,female,group D,associate's degree,standard,none,71,71,74
CF0089,female,group A,some college,standard,none,58,70,67
CF0090,female,group D,some high school,standard,none,73,86,82
CF0091,female,group C,bachelor's degree,standard,none,65,72,74
CF0092,male,group C,high school,free/reduced,none,27,34,36
CF0093,male,group C,high school,standard,none,71,79,71
CF0094,male,group C,associate's degree,free/reduced,completed,43,45,50
CF0095,female,group B,some college,standard,none,79,86,92
CF0096,male,group C,associate's degree,free/reduced,completed,78,81,82
CF0097,male,group B,some high school,standard,completed,65,66,62
CF0098,female,group E,some college,standard,completed,63,72,70
CF0099,female,group D,some college,free/reduced,none,58,67,62
CF0100,female,group D,bachelor's degree,standard,none,65,67,62
CF0101,male,group B,some college,standard,none,79,67,67
CF0102,male,group D,bachelor's degree,standard,completed,68,74,74
CF0103,female,group D,associate's degree,standard,none,85,91,89
CF0104,male,group B,high school,standard,completed,60,44,47
CF0105,male,group C,some college,standard,completed,98,86,90
CF0106,female,group C,some college,standard,none,58,67,72
CF0107,female,group D,master's degree,standard,none,87,100,100
CF0108,male,group E,associate's degree,standard,completed,66,63,64
CF0109,female,group B,associate's degree,free/reduced,none,52,76,70
CF0110,female,group B,some high school,standard,none,70,64,72
CF0111,female,group D,associate's degree,free/reduced,completed,77,89,98
CF0112,male,group C,high school,standard,none,62,55,49
CF0113,male,group A,associate's degree,standard,none,54,53,47
CF0114,female,group D,some college,standard,none,51,58,54
CF0115,female,group E,bachelor's degree,standard,completed,99,100,100
CF0116,male,group C,high school,standard,none,84,77,74
CF0117,female,group B,bachelor's degree,free/reduced,none,75,85,82
CF0118,female,group D,bachelor's degree,standard,none,78,82,79
CF0119,female,group D,some high school,standard,none,51,63,61
CF0120,female,group C,some college,standard,none,55,69,65
CF0121,female,group C,bachelor's degree,standard,completed,79,92,89
CF0122,male,group B,associate's degree,standard,completed,91,89,92
CF0123,female,group C,some college,standard,completed,88,93,93
CF0124,male,group D,high school,free/reduced,none,63,57,56
CF0125,male,group E,some college,standard,none,83,80,73
CF0126,female,group B,high school,standard,none,87,95,86
CF0127,male,group B,some high school,standard,none,72,68,67
CF0128,male,group D,some college,standard,completed,65,77,74
CF0129,male,group D,master's degree,standard,none,82,82,74
CF0130,female,group A,bachelor's degree,standard,none,51,49,51
CF0131,male,group D,master's degree,standard,none,89,84,82
CF0132,male,group C,some high school,free/reduced,completed,53,37,40
CF0133,male,group E,some college,free/reduced,completed,87,74,70
CF0134,female,group C,some college,standard,completed,75,81,84
CF0135,male,group D,bachelor's degree,free/reduced,completed,74,79,75
CF0136,male,group C,bachelor's degree,standard,none,58,55,48
CF0137,male,group B,some high school,standard,completed,51,54,41
CF0138,male,group E,high school,standard,none,70,55,56
CF0139,female,group C,associate's degree,standard,none,59,66,67
CF0140,male,group D,some college,standard,completed,71,61,69
CF0141,female,group D,some high school,standard,none,76,72,71
CF0142,female,group C,some college,free/reduced,none,59,62,64
CF0143,female,group E,some college,free/reduced,completed,42,55,54
CF0144,male,group A,high school,standard,none,57,43,47
CF0145,male,group D,some college,standard,none,88,73,78
CF0146,female,group C,some college,free/reduced,none,22,39,33
CF0147,male,group B,some high school,standard,none,88,84,75
CF0148,male,group C,associate's degree,free/reduced,none,73,68,66
CF0149,female,group D,bachelor's degree,standard,completed,68,75,81
CF0150,male,group E,associate's degree,free/reduced,completed,100,100,93
CF0151,male,group A,some high school,standard,completed,62,67,69
CF0152,male,group A,bachelor's degree,standard,none,77,67,68
CF0153,female,group B,associate's degree,standard,completed,59,70,66
CF0154,male,group D,bachelor's degree,standard,none,54,49,47
CF0155,male,group D,some high school,standard,none,62,67,61
CF0156,female,group C,some college,standard,completed,70,89,88
CF0157,female,group E,high school,free/reduced,completed,66,74,78
CF0158,male,group B,some college,free/reduced,none,60,60,60
CF0159,female,group B,associate's degree,standard,completed,61,86,87
CF0160,male,group D,associate's degree,free/reduced,none,66,62,64
CF0161,male,group B,associate's degree,free/reduced,completed,82,78,74
CF0162,female,group E,some college,free/reduced,completed,75,88,85
CF0163,male,group B,master's degree,free/reduced,none,49,53,52
CF0164,male,group C,high school,standard,none,52,53,49
CF0165,female,group E,master's degree,standard,none,81,92,91
CF0166,female,group C,bachelor's degree,standard,completed,96,100,100
CF0167,male,group C,high school,free/reduced,completed,53,51,51
CF0168,female,group B,master's degree,free/reduced,completed,58,76,78
CF0169,female,group B,high school,standard,completed,68,83,78
CF0170,female,group C,some college,free/reduced,completed,67,75,70
CF0171,male,group A,high school,standard,completed,72,73,74
CF0172,male,group E,some high school,standard,none,94,88,78
CF0173,female,group D,some college,standard,none,79,86,81
CF0174,female,group C,associate's degree,standard,none,63,67,70
CF0175,female,group C,bachelor's degree,free/reduced,completed,43,51,54
CF0176,female,group C,master's degree,standard,completed,81,91,87
CF0177,female,group B,high school,free/reduced,completed,46,54,58
CF0178,female,group C,associate's degree,standard,completed,71,77,77
CF0179,female,group B,master's degree,free/reduced,completed,52,70,62
CF0180,female,group D,some high school,standard,completed,97,100,100
CF0181,male,group C,master's degree,free/reduced,completed,62,68,75
CF0182,female,group C,some college,free/reduced,none,46,64,66
CF0183,female,group E,high school,standard,none,50,50,47
CF0184,female,group D,associate's degree,standard,none,65,69,70
CF0185,male,group C,some high school,free/reduced,completed,45,52,49
CF0186,male,group C,associate's degree,free/reduced,completed,65,67,65
CF0187,male,group E,high school,standard,none,80,76,65
CF0188,male,group D,some high school,standard,completed,62,66,68
CF0189,male,group B,some high school,free/reduced,none,48,52,45
CF0190,female,group C,bachelor's degree,standard,none,77,88,87
CF0191,female,group E,associate's degree,standard,none,66,65,69
CF0192,male,group D,some college,standard,completed,76,83,79
CF0193,female,group B,some high school,standard,none,62,64,66
CF0194,male,group D,some college,standard,completed,77,62,62
CF0195,female,group C,master's degree,standard,completed,69,84,85
CF0196,male,group D,associate's degree,standard,none,61,55,52
CF0197,male,group C,some high school,free/reduced,completed,59,69,65
CF0198,male,group E,high school,free/reduced,none,55,56,51
CF0199,female,group B,some college,free/reduced,none,45,53,55
CF0200,female,group B,bachelor's degree,free/reduced,none,78,79,76
CF0201,female,group C,associate's degree,standard,completed,67,84,86
CF0202,female,group D,some college,free/reduced,none,65,81,77
CF0203,male,group C,associate's degree,standard,none,69,77,69
CF0204,female,group B,associate's degree,standard,none,57,69,68
CF0205,male,group C,some college,standard,none,59,41,42
CF0206,male,group D,some high school,standard,completed,74,71,78
CF0207,male,group E,bachelor's degree,standard,none,82,62,62
CF0208,male,group E,high school,standard,completed,81,80,76
CF0209,female,group B,some college,free/reduced,none,74,81,76
CF0210,female,group B,some college,free/reduced,none,58,61,66
CF0211,male,group D,some high school,free/reduced,completed,80,79,79
CF0212,male,group C,some college,free/reduced,none,35,28,27
CF0213,female,group C,high school,free/reduced,none,42,62,60
CF0214,male,group C,associate's degree,free/reduced,completed,60,51,56
CF0215,male,group E,high school,standard,completed,87,91,81
CF0216,male,group B,some high school,standard,completed,84,83,75
CF0217,female,group E,associate's degree,free/reduced,completed,83,86,88
CF0218,female,group C,high school,free/reduced,none,34,42,39
CF0219,male,group B,high school,free/reduced,none,66,77,70
CF0220,male,group B,some high school,standard,completed,61,56,56
CF0221,female,group D,high school,standard,completed,56,68,74
CF0222,male,group B,associate's degree,standard,none,87,85,73
CF0223,female,group C,some high school,free/reduced,none,55,65,62
CF0224,male,group D,some high school,standard,none,86,80,75
CF0225,female,group B,associate's degree,standard,completed,52,66,73
CF0226,female,group E,master's degree,free/reduced,none,45,56,54
CF0227,female,group C,some college,standard,none,72,72,71
CF0228,male,group D,high school,standard,none,57,50,54
CF0229,male,group A,some high school,free/reduced,none,68,72,64
CF0230,female,group C,some college,standard,completed,88,95,94
CF0231,male,group D,some college,standard,none,76,64,66
CF0232,male,group C,associate's degree,standard,none,46,43,42
CF0233,female,group B,bachelor's degree,standard,none,67,86,83
CF0234,male,group E,some high school,standard,none,92,87,78
CF0235,male,group C,bachelor's degree,standard,completed,83,82,84
CF0236,male,group D,associate's degree,standard,none,80,75,77
CF0237,male,group D,bachelor's degree,free/reduced,none,63,66,67
CF0238,female,group D,some high school,standard,completed,64,60,74
CF0239,male,group B,some college,standard,none,54,52,51
CF0240,male,group C,associate's degree,standard,none,84,80,80
CF0241,male,group D,high school,free/reduced,completed,73,68,66
CF0242,female,group E,bachelor's degree,standard,none,80,83,83
CF0243,female,group D,high school,standard,none,56,52,55
CF0244,male,group E,some college,standard,none,59,51,43
CF0245,male,group D,some high school,standard,none,75,74,69
CF0246,male,group C,associate's degree,standard,none,85,76,71
CF0247,male,group E,associate's degree,standard,none,89,76,74
CF0248,female,group B,high school,standard,completed,58,70,68
CF0249,female,group B,high school,standard,none,65,64,62
CF0250,male,group C,high school,standard,none,68,60,53
CF0251,male,group A,some high school,standard,completed,47,49,49
CF0252,female,group D,some college,free/reduced,none,71,83,83
CF0253,female,group B,some high school,standard,completed,60,70,70
CF0254,male,group D,master's degree,standard,none,80,80,72
CF0255,male,group D,high school,standard,none,54,52,52
CF0256,female,group E,some college,standard,none,62,73,70
CF0257,female,group C,associate's degree,free/reduced,none,64,73,68
CF0258,male,group C,associate's degree,standard,completed,78,77,77
CF0259,female,group B,some college,standard,none,70,75,78
CF0260,female,group C,master's degree,free/reduced,completed,65,81,81
CF0261,female,group C,some high school,free/reduced,completed,64,79,77
CF0262,male,group C,some college,standard,completed,79,79,78
CF0263,female,group C,some high school,free/reduced,none,44,50,51
CF0264,female,group E,high school,standard,none,99,93,90
CF0265,male,group D,high school,standard,none,76,73,68
CF0266,male,group D,some high school,free/reduced,none,59,42,41
CF0267,female,group C,bachelor's degree,standard,none,63,75,81
CF0268,female,group D,high school,standard,none,69,72,77
CF0269,female,group D,associate's degree,standard,completed,88,92,95
CF0270,female,group E,some college,free/reduced,none,71,76,70
CF0271,male,group C,bachelor's degree,standard,none,69,63,61
CF0272,male,group C,some college,standard,none,58,49,42
CF0273,female,group D,associate's degree,free/reduced,none,47,53,58
CF0274,female,group D,some college,standard,none,65,70,71
CF0275,male,group B,some college,standard,completed,88,85,76
CF0276,male,group C,bachelor's degree,standard,none,83,78,73
CF0277,female,group C,some high school,standard,completed,85,92,93
CF0278,female,group E,high school,standard,completed,59,63,75
CF0279,female,group C,some high school,free/reduced,none,65,86,80
CF0280,male,group B,bachelor's degree,free/reduced,none,73,56,57
CF0281,male,group D,high school,standard,none,53,52,42
CF0282,male,group D,high school,standard,none,45,48,46
CF0283,female,group D,bachelor's degree,free/reduced,none,73,79,84
CF0284,female,group D,some college,free/reduced,completed,70,78,78
CF0285,female,group B,some high school,standard,none,37,46,46
CF0286,male,group B,associate's degree,standard,completed,81,82,82
CF0287,male,group E,associate's degree,standard,completed,97,82,88
CF0288,female,group B,some high school,standard,none,67,89,82
CF0289,male,group B,bachelor's degree,free/reduced,none,88,75,76
CF0290,male,group E,some high school,standard,completed,77,76,77
CF0291,male,group C,associate's degree,standard,none,76,70,68
CF0292,male,group D,some high school,standard,none,86,73,70
CF0293,male,group C,some high school,standard,completed,63,60,57
CF0294,female,group E,bachelor's degree,standard,none,65,73,75
CF0295,male,group D,high school,free/reduced,completed,78,77,80
CF0296,male,group B,associate's degree,free/reduced,none,67,62,60
CF0297,male,group A,some high school,standard,completed,46,41,43
CF0298,male,group E,associate's degree,standard,completed,71,74,68
CF0299,male,group C,high school,free/reduced,completed,40,46,50
CF0300,male,group D,associate's degree,free/reduced,none,90,87,75
CF0301,male,group A,some college,free/reduced,completed,81,78,81
CF0302,male,group D,some high school,free/reduced,none,56,54,52
CF0303,female,group C,associate's degree,standard,completed,67,84,81
CF0304,male,group B,associate's degree,standard,none,80,76,64
CF0305,female,group C,associate's degree,standard,completed,74,75,83
CF0306,male,group A,some college,standard,none,69,67,69
CF0307,male,group E,some college,standard,completed,99,87,81
CF0308,male,group C,some high school,standard,none,51,52,44
CF0309,female,group B,associate's degree,free/reduced,none,53,71,67
CF0310,female,group D,high school,free/reduced,none,49,57,52
CF0311,female,group B,associate's degree,standard,none,73,76,80
CF0312,male,group B,bachelor's degree,standard,none,66,60,57
CF0313,male,group D,bachelor's degree,standard,completed,67,61,68
CF0314,female,group C,associate's degree,free/reduced,completed,68,67,69
CF0315,female,group C,bachelor's degree,standard,completed,59,64,75
CF0316,male,group C,high school,standard,none,71,66,65
CF0317,female,group D,master's degree,standard,completed,77,82,91
CF0318,male,group C,associate's degree,standard,none,83,72,78
CF0319,male,group B,bachelor's degree,standard,none,63,71,69
CF0320,female,group D,associate's degree,free/reduced,none,56,65,63
CF0321,female,group C,high school,free/reduced,completed,67,79,84
CF0322,female,group E,high school,standard,none,75,86,79
CF0323,female,group C,some college,standard,none,71,81,80
CF0324,female,group C,some high school,free/reduced,none,43,53,53
CF0325,female,group C,high school,free/reduced,none,41,46,43
CF0326,female,group C,some college,standard,none,82,90,94
CF0327,male,group C,some college,standard,none,61,61,62
CF0328,male,group A,some college,free/reduced,none,28,23,19
CF0329,male,group C,associate's degree,standard,completed,82,75,77
CF0330,female,group B,some high school,standard,none,41,55,51
CF0331,male,group C,high school,standard,none,71,60,61
CF0332,male,group C,associate's degree,standard,none,47,37,35
CF0333,male,group E,associate's degree,standard,completed,62,56,53
CF0334,male,group B,associate's degree,standard,none,90,78,81
CF0335,female,group C,bachelor's degree,standard,none,83,93,95
CF0336,female,group B,some college,free/reduced,none,61,68,66
CF0337,male,group D,some high school,standard,completed,76,70,69
CF0338,male,group C,associate's degree,standard,none,49,51,43
CF0339,female,group B,some high school,free/reduced,none,24,38,27
CF0340,female,group D,some high school,free/reduced,completed,35,55,60
CF0341,male,group C,high school,free/reduced,none,58,61,52
CF0342,female,group C,high school,standard,none,61,73,63
CF0343,female,group B,high school,standard,completed,69,76,74
CF0344,male,group D,associate's degree,standard,completed,67,72,67
CF0345,male,group D,some college,standard,none,79,73,67
CF0346,female,group C,high school,standard,none,72,80,75
CF0347,male,group B,some college,standard,none,62,61,57
CF0348,female,group C,bachelor's degree,standard,completed,77,94,95
CF0349,male,group D,high school,free/reduced,none,75,74,66
CF0350,male,group E,associate's degree,standard,none,87,74,76
CF0351,female,group B,bachelor's degree,standard,none,52,65,69
CF0352,male,group E,some college,standard,none,66,57,52
CF0353,female,group C,some college,standard,completed,63,78,80
CF0354,female,group C,associate's degree,standard,none,46,58,57
CF0355,female,group C,some college,standard,none,59,71,70
CF0356,female,group B,bachelor's degree,standard,none,61,72,70
CF0357,male,group A,associate's degree,standard,none,63,61,61
CF0358,female,group C,some college,free/reduced,completed,42,66,69
CF0359,male,group D,some college,free/reduced,none,59,62,61
CF0360,female,group D,some college,standard,none,80,90,89
CF0361,female,group B,high school,standard,none,58,62,59
CF0362,male,group B,some high school,standard,completed,85,84,78
CF0363,female,group C,some college,standard,none,52,58,58
CF0364,female,group D,some high school,free/reduced,none,27,34,32
CF0365,male,group C,some college,standard,none,59,60,58
CF0366,male,group A,bachelor's degree,free/reduced,completed,49,58,60
CF0367,male,group C,high school,standard,completed,69,58,53
CF0368,male,group C,bachelor's degree,free/reduced,none,61,66,61
CF0369,female,group A,some high school,free/reduced,none,44,64,58
CF0370,female,group D,some high school,standard,none,73,84,85
CF0371,male,group E,some college,standard,none,84,77,71
CF0372,female,group C,some college,free/reduced,completed,45,73,70
CF0373,male,group D,some high school,standard,none,74,74,72
CF0374,female,group D,some college,standard,completed,82,97,96
CF0375,female,group D,bachelor's degree,standard,none,59,70,73
CF0376,male,group E,associate's degree,free/reduced,none,46,43,41
CF0377,female,group D,some high school,standard,none,80,90,82
CF0378,female,group D,master's degree,free/reduced,completed,85,95,100
CF0379,female,group A,some high school,standard,none,71,83,77
CF0380,male,group A,bachelor's degree,standard,none,66,64,62
CF0381,female,group B,associate's degree,standard,none,80,86,83
CF0382,male,group C,associate's degree,standard,completed,87,100,95
CF0383,male,group C,master's degree,free/reduced,none,79,81,71
CF0384,female,group E,some high school,free/reduced,none,38,49,45
CF0385,female,group A,some high school,free/reduced,none,38,43,43
CF0386,female,group E,some college,standard,none,67,76,75
CF0387,female,group E,bachelor's degree,standard,none,64,73,70
CF0388,female,group C,associate's degree,free/reduced,none,57,78,67
CF0389,female,group D,high school,standard,none,62,64,64
CF0390,male,group D,master's degree,standard,none,73,70,75
CF0391,male,group E,some high school,free/reduced,completed,73,67,59
CF0392,female,group D,some college,standard,none,77,68,77
CF0393,male,group E,some college,standard,none,76,67,67
CF0394,male,group C,associate's degree,standard,completed,57,54,56
CF0395,female,group C,some high school,standard,completed,65,74,77
CF0396,male,group A,high school,free/reduced,none,48,45,41
CF0397,female,group B,high school,free/reduced,none,50,67,63
CF0398,female,group C,associate's degree,standard,none,85,89,95
CF0399,male,group B,some high school,standard,none,74,63,57
CF0400,male,group D,some high school,standard,none,60,59,54
CF0401,female,group C,some high school,standard,completed,59,54,67
CF0402,male,group A,some college,standard,none,53,43,43
CF0403,female,group A,some college,free/reduced,none,49,65,55
CF0404,female,group D,high school,standard,completed,88,99,100
CF0405,female,group C,high school,standard,none,54,59,62
CF0406,female,group C,some high school,standard,none,63,73,68
CF0407,male,group B,associate's degree,standard,completed,65,65,63
CF0408,female,group B,associate's degree,standard,none,82,80,77
CF0409,female,group D,high school,free/reduced,completed,52,57,56
CF0410,male,group D,associate's degree,standard,completed,87,84,85
CF0411,female,group D,master's degree,standard,completed,70,71,74
CF0412,male,group E,some college,standard,completed,84,83,78
CF0413,male,group D,associate's degree,standard,none,71,66,60
CF0414,male,group B,some high school,standard,completed,63,67,67
CF0415,female,group C,bachelor's degree,free/reduced,completed,51,72,79
CF0416,male,group E,high school,standard,none,84,73,69
CF0417,male,group C,bachelor's degree,standard,completed,71,74,68
CF0418,male,group C,associate's degree,standard,none,74,73,67
CF0419,male,group D,some college,standard,none,68,59,62
CF0420,male,group E,high school,free/reduced,completed,57,56,54
CF0421,female,group C,associate's degree,free/reduced,completed,82,93,93
CF0422,female,group D,high school,standard,completed,57,58,64
CF0423,female,group D,master's degree,free/reduced,completed,47,58,67
CF0424,female,group A,some high school,standard,completed,59,85,80
CF0425,male,group B,some college,free/reduced,none,41,39,34
CF0426,female,group C,some college,free/reduced,none,62,67,62
CF0427,male,group C,bachelor's degree,standard,none,86,83,86
CF0428,male,group C,some high school,free/reduced,none,69,71,65
CF0429,male,group A,some high school,free/reduced,none,65,59,53
CF0430,male,group C,some high school,free/reduced,none,68,63,54
CF0431,male,group C,associate's degree,free/reduced,none,64,66,59
CF0432,female,group C,high school,standard,none,61,72,70
CF0433,male,group C,high school,standard,none,61,56,55
CF0434,female,group A,some high school,free/reduced,none,47,59,50
CF0435,male,group C,some high school,standard,none,73,66,66
CF0436,male,group C,some college,free/reduced,completed,50,48,53
CF0437,male,group D,associate's degree,standard,none,75,68,64
CF0438,male,group D,associate's degree,free/reduced,none,75,66,73
CF0439,male,group C,high school,standard,none,70,56,51
CF0440,male,group D,some high school,standard,completed,89,88,82
CF0441,female,group C,some college,standard,completed,67,81,79
CF0442,female,group D,high school,standard,none,78,81,80
CF0443,female,group A,some high school,free/reduced,none,59,73,69
CF0444,female,group B,associate's degree,standard,none,73,83,76
CF0445,male,group A,some high school,free/reduced,none,79,82,73
CF0446,female,group C,some high school,standard,completed,67,74,77
CF0447,male,group D,some college,free/reduced,none,69,66,60
CF0448,male,group C,high school,standard,completed,86,81,80
CF0449,male,group B,high school,standard,none,47,46,42
CF0450,male,group B,associate's degree,standard,none,81,73,72
CF0451,female,group C,some college,free/reduced,completed,64,85,85
CF0452,female,group E,some college,standard,none,100,92,97
CF0453,female,group C,associate's degree,free/reduced,none,65,77,74
CF0454,male,group C,some college,free/reduced,none,65,58,49
CF0455,female,group C,associate's degree,free/reduced,none,53,61,62
CF0456,male,group C,bachelor's degree,free/reduced,none,37,56,47
CF0457,female,group D,bachelor's degree,standard,none,79,89,89
CF0458,male,group D,associate's degree,free/reduced,none,53,54,48
CF0459,female,group E,bachelor's degree,standard,none,100,100,100
CF0460,male,group B,high school,standard,completed,72,65,68
CF0461,male,group C,bachelor's degree,free/reduced,none,53,58,55
CF0462,male,group B,some college,free/reduced,none,54,54,45
CF0463,female,group E,some college,standard,none,71,70,76
CF0464,female,group C,some college,free/reduced,none,77,90,91
CF0465,male,group A,bachelor's degree,standard,completed,75,58,62
CF0466,female,group C,some college,standard,none,84,87,91
CF0467,female,group D,associate's degree,free/reduced,none,26,31,38
CF0468,male,group A,high school,free/reduced,completed,72,67,65
CF0469,female,group A,high school,free/reduced,completed,77,88,85
CF0470,male,group C,some college,standard,none,91,74,76
CF0471,female,group C,associate's degree,standard,completed,83,85,90
CF0472,female,group C,high school,standard,none,63,69,74
CF0473,female,group C,associate's degree,standard,completed,68,86,84
CF0474,female,group D,some high school,standard,none,59,67,61
CF0475,female,group B,associate's degree,standard,completed,90,90,91
CF0476,female,group D,bachelor's degree,standard,completed,71,76,83
CF0477,male,group E,bachelor's degree,standard,completed,76,62,66
CF0478,male,group D,associate's degree,standard,none,80,68,72
CF0479,female,group D,master's degree,standard,none,55,64,70
CF0480,male,group E,associate's degree,standard,none,76,71,67
CF0481,male,group B,high school,standard,completed,73,71,68
CF0482,female,group D,associate's degree,free/reduced,none,52,59,56
CF0483,male,group C,some college,free/reduced,none,68,68,61
CF0484,male,group A,high school,standard,none,59,52,46
CF0485,female,group B,associate's degree,standard,none,49,52,54
CF0486,male,group C,high school,standard,none,70,74,71
CF0487,male,group D,some college,free/reduced,none,61,47,56
CF0488,female,group C,associate's degree,free/reduced,none,60,75,74
CF0489,male,group B,some high school,standard,completed,64,53,57
CF0490,male,group A,associate's degree,free/reduced,completed,79,82,82
CF0491,female,group A,associate's degree,free/reduced,none,65,85,76
CF0492,female,group C,associate's degree,standard,none,64,64,70
CF0493,female,group C,some college,standard,none,83,83,90
CF0494,female,group C,bachelor's degree,standard,none,81,88,90
CF0495,female,group B,high school,standard,none,54,64,68
CF0496,male,group D,high school,standard,completed,68,64,66
CF0497,female,group C,some college,standard,none,54,48,52
CF0498,female,group D,some college,free/reduced,completed,59,78,76
CF0499,female,group B,some high school,standard,none,66,69,68
CF0500,male,group E,some college,standard,none,76,71,72
CF0501,female,group D,master's degree,standard,none,74,79,82
CF0502,female,group B,associate's degree,standard,completed,94,87,92
CF0503,male,group C,some college,free/reduced,none,63,61,54
CF0504,female,group E,associate's degree,standard,completed,95,89,92
CF0505,female,group D,master's degree,free/reduced,none,40,59,54
CF0506,female,group B,some high school,standard,none,82,82,80
CF0507,male,group A,high school,standard,none,68,70,66
CF0508,male,group B,bachelor's degree,free/reduced,none,55,59,54
CF0509,male,group C,master's degree,standard,none,79,78,77
CF0510,female,group C,bachelor's degree,standard,none,86,92,87
CF0511,male,group D,some college,standard,none,76,71,73
CF0512,male,group A,some high school,standard,none,64,50,43
CF0513,male,group D,some high school,free/reduced,none,62,49,52
CF0514,female,group B,some high school,standard,completed,54,61,62
CF0515,female,group B,master's degree,free/reduced,completed,77,97,94
CF0516,female,group C,some high school,standard,completed,76,87,85
CF0517,female,group D,some college,standard,none,74,89,84
CF0518,female,group E,some college,standard,completed,66,74,73
CF0519,female,group D,some high school,standard,completed,66,78,78
CF0520,female,group B,high school,free/reduced,completed,67,78,79
CF0521,male,group D,some college,standard,none,71,49,52
CF0522,female,group C,associate's degree,standard,none,91,86,84
CF0523,male,group D,bachelor's degree,standard,none,69,58,57
CF0524,male,group C,master's degree,free/reduced,none,54,59,50
CF0525,male,group C,high school,standard,completed,53,52,49
CF0526,male,group E,some college,standard,none,68,60,59
CF0527,male,group C,some high school,free/reduced,completed,56,61,60
CF0528,female,group C,high school,free/reduced,none,36,53,43
CF0529,female,group D,bachelor's degree,free/reduced,none,29,41,47
CF0530,female,group C,associate's degree,standard,none,62,74,70
CF0531,female,group C,associate's degree,standard,completed,68,67,73
CF0532,female,group C,some high school,standard,none,47,54,53
CF0533,male,group E,associate's degree,standard,completed,62,61,58
CF0534,female,group E,associate's degree,standard,completed,79,88,94
CF0535,male,group B,high school,standard,completed,73,69,68
CF0536,female,group C,bachelor's degree,free/reduced,completed,66,83,83
CF0537,male,group C,associate's degree,standard,completed,51,60,58
CF0538,female,group D,high school,standard,none,51,66,62
CF0539,male,group E,bachelor's degree,standard,completed,85,66,71
CF0540,male,group A,associate's degree,standard,completed,97,92,86
CF0541,male,group C,high school,standard,completed,75,69,68
CF0542,male,group D,associate's degree,free/reduced,completed,79,82,80
CF0543,female,group C,associate's degree,standard,none,81,77,79
CF0544,female,group D,associate's degree,standard,none,82,95,89
CF0545,female,group D,master's degree,standard,none,64,63,66
CF0546,male,group E,some high school,free/reduced,completed,78,83,80
CF0547,female,group A,some high school,standard,completed,92,100,97
CF0548,male,group C,high school,standard,completed,72,67,64
CF0549,female,group C,high school,free/reduced,none,62,67,64
CF0550,male,group C,master's degree,standard,none,79,72,69
CF0551,male,group C,some high school,free/reduced,none,79,76,65
CF0552,male,group B,bachelor's degree,free/reduced,completed,87,90,88
CF0553,female,group B,associate's degree,standard,none,40,48,50
CF0554,male,group D,some college,free/reduced,none,77,62,64
CF0555,male,group E,associate's degree,standard,none,53,45,40
CF0556,female,group C,some college,free/reduced,none,32,39,33
CF0557,female,group C,associate's degree,standard,completed,55,72,79
CF0558,male,group C,master's degree,free/reduced,none,61,67,66
CF0559,female,group B,associate's degree,free/reduced,none,53,70,70
CF0560,male,group D,some high school,standard,none,73,66,62
CF0561,female,group D,some college,standard,completed,74,75,79
CF0562,female,group C,some college,standard,none,63,74,74
CF0563,male,group C,bachelor's degree,standard,completed,96,90,92
CF0564,female,group D,some college,free/reduced,completed,63,80,80
CF0565,male,group B,bachelor's degree,free/reduced,none,48,51,46
CF0566,male,group B,associate's degree,standard,none,48,43,45
CF0567,female,group E,bachelor's degree,free/reduced,completed,92,100,100
CF0568,female,group D,master's degree,free/reduced,completed,61,71,78
CF0569,male,group B,high school,free/reduced,none,63,48,47
CF0570,male,group D,bachelor's degree,free/reduced,none,68,68,67
CF0571,male,group B,some college,standard,completed,71,75,70
CF0572,male,group A,bachelor's degree,standard,none,91,96,92
CF0573,female,group C,some college,standard,none,53,62,56
CF0574,female,group C,high school,free/reduced,completed,50,66,64
CF0575,female,group E,high school,standard,none,74,81,71
CF0576,male,group A,associate's degree,free/reduced,completed,40,55,53
CF0577,male,group A,some college,standard,completed,61,51,52
CF0578,female,group B,high school,standard,none,81,91,89
CF0579,female,group B,some college,free/reduced,completed,48,56,58
CF0580,female,group D,master's degree,standard,none,53,61,68
CF0581,female,group D,some high school,standard,none,81,97,96
CF0582,female,group E,some high school,standard,none,77,79,80
CF0583,female,group D,bachelor's degree,free/reduced,none,63,73,78
CF0584,female,group D,associate's degree,standard,completed,73,75,80
CF0585,female,group D,some college,standard,none,69,77,77
CF0586,female,group C,associate's degree,standard,none,65,76,76
CF0587,female,group A,high school,standard,none,55,73,73
CF0588,female,group C,bachelor's degree,free/reduced,none,44,63,62
CF0589,female,group C,some college,standard,none,54,64,65
CF0590,female,group A,some high school,standard,none,48,66,65
CF0591,male,group C,some college,free/reduced,none,58,57,54
CF0592,male,group A,some high school,standard,none,71,62,50
CF0593,male,group E,bachelor's degree,standard,none,68,68,64
CF0594,female,group E,high school,standard,none,74,76,73
CF0595,female,group C,bachelor's degree,standard,completed,92,100,99
CF0596,female,group C,bachelor's degree,standard,completed,56,79,72
CF0597,male,group B,high school,free/reduced,none,30,24,15
CF0598,male,group A,some high school,standard,none,53,54,48
CF0599,female,group D,high school,standard,none,69,77,73
CF0600,female,group D,some high school,standard,none,65,82,81
CF0601,female,group D,master's degree,standard,none,54,60,63
CF0602,female,group C,high school,standard,none,29,29,30
CF0603,female,group E,some college,standard,none,76,78,80
CF0604,male,group D,high school,free/reduced,none,60,57,51
CF0605,male,group D,master's degree,free/reduced,completed,84,89,90
CF0606,male,group C,some high school,standard,none,75,72,62
CF0607,female,group C,associate's degree,standard,none,85,84,82
CF0608,female,group C,master's degree,free/reduced,none,40,58,54
CF0609,female,group E,some college,standard,none,61,64,62
CF0610,female,group B,associate's degree,standard,none,58,63,65
CF0611,male,group D,some college,free/reduced,completed,69,60,63
CF0612,female,group C,some college,standard,none,58,59,66
CF0613,male,group C,bachelor's degree,standard,completed,94,90,91
CF0614,female,group C,associate's degree,standard,none,65,77,74
CF0615,female,group A,associate's degree,standard,none,82,93,93
CF0616,female,group C,high school,standard,none,60,68,72
CF0617,female,group E,bachelor's degree,standard,none,37,45,38
CF0618,male,group D,bachelor's degree,standard,none,88,78,83
CF0619,male,group D,master's degree,standard,none,95,81,84
CF0620,male,group C,associate's degree,free/reduced,completed,65,73,68
CF0621,female,group C,high school,free/reduced,none,35,61,54
CF0622,male,group B,bachelor's degree,free/reduced,none,62,63,56
CF0623,male,group C,high school,free/reduced,completed,58,51,52
CF0624,male,group A,some college,standard,completed,100,96,86
CF0625,female,group E,bachelor's degree,free/reduced,none,61,58,62
CF0626,male,group D,some college,standard,completed,100,97,99
CF0627,male,group B,associate's degree,free/reduced,completed,69,70,63
CF0628,male,group D,associate's degree,standard,none,61,48,46
CF0629,male,group D,some college,free/reduced,none,49,57,46
CF0630,female,group C,some high school,standard,completed,44,51,55
CF0631,male,group D,some college,standard,none,67,64,70
CF0632,male,group B,high school,standard,none,79,60,65
CF0633,female,group B,bachelor's degree,standard,completed,66,74,81
CF0634,female,group C,high school,standard,none,75,88,85
CF0635,male,group D,some high school,standard,none,84,84,80
CF0636,male,group A,high school,standard,none,71,74,64
CF0637,female,group B,high school,free/reduced,completed,67,80,81
CF0638,female,group D,some high school,standard,completed,80,92,88
CF0639,male,group E,some college,standard,none,86,76,74
CF0640,female,group D,associate's degree,standard,none,76,74,73
CF0641,male,group D,high school,standard,none,41,52,51
CF0642,female,group D,associate's degree,free/reduced,completed,74,88,90
CF0643,female,group B,some high school,free/reduced,none,72,81,79
CF0644,female,group E,high school,standard,completed,74,79,80
CF0645,male,group B,high school,standard,none,70,65,60
CF0646,female,group B,bachelor's degree,standard,completed,65,81,81
CF0647,female,group D,associate's degree,standard,none,59,70,65
CF0648,female,group E,high school,free/reduced,none,64,62,68
CF0649,female,group B,high school,standard,none,50,53,55
CF0650,female,group D,some college,standard,completed,69,79,81
CF0651,male,group C,some high school,free/reduced,completed,51,56,53
CF0652,female,group A,high school,standard,completed,68,80,76
CF0653,female,group D,some college,standard,completed,85,86,98
CF0654,female,group A,associate's degree,standard,completed,65,70,74
CF0655,female,group B,some high school,standard,none,73,79,79
CF0656,female,group B,some college,standard,none,62,67,67
CF0657,male,group C,associate's degree,free/reduced,none,77,67,64
CF0658,male,group D,some high school,standard,none,69,66,61
CF0659,female,group D,associate's degree,free/reduced,none,43,60,58
CF0660,male,group D,associate's degree,standard,none,90,87,85
CF0661,male,group C,some college,free/reduced,none,74,77,73
CF0662,male,group C,some high school,standard,none,73,66,63
CF0663,female,group D,some college,free/reduced,none,55,71,69
CF0664,female,group C,high school,standard,none,65,69,67
CF0665,male,group D,associate's degree,standard,none,80,63,63
CF0666,female,group C,some high school,free/reduced,completed,50,60,60
CF0667,female,group C,some college,free/reduced,completed,63,73,71
CF0668,female,group B,bachelor's degree,free/reduced,none,77,85,87
CF0669,male,group C,some college,standard,none,73,74,61
CF0670,male,group D,associate's degree,standard,completed,81,72,77
CF0671,female,group C,high school,free/reduced,none,66,76,68
CF0672,male,group D,associate's degree,free/reduced,none,52,57,50
CF0673,female,group C,some college,standard,none,69,78,76
CF0674,female,group C,associate's degree,standard,completed,65,84,84
CF0675,female,group D,high school,standard,completed,69,77,78
CF0676,female,group B,some college,standard,completed,50,64,66
CF0677,female,group E,some college,standard,completed,73,78,76
CF0678,female,group C,some high school,standard,completed,70,82,76
CF0679,male,group D,associate's degree,free/reduced,none,81,75,78
CF0680,male,group D,some college,free/reduced,none,63,61,60
CF0681,female,group D,high school,standard,none,67,72,74
CF0682,male,group B,high school,standard,none,60,68,60
CF0683,male,group B,high school,standard,none,62,55,54
CF0684,female,group C,some high school,free/reduced,completed,29,40,44
CF0685,male,group B,some college,standard,completed,62,66,68
CF0686,female,group E,master's degree,standard,completed,94,99,100
CF0687,male,group E,some college,standard,completed,85,75,68
CF0688,male,group D,associate's degree,free/reduced,none,77,78,73
CF0689,male,group A,high school,free/reduced,none,53,58,44
CF0690,male,group E,some college,free/reduced,none,93,90,83
CF0691,female,group C,associate's degree,standard,none,49,53,53
CF0692,female,group E,associate's degree,free/reduced,none,73,76,78
CF0693,female,group C,bachelor's degree,free/reduced,completed,66,74,81
CF0694,female,group D,associate's degree,standard,none,77,77,73
CF0695,female,group C,some high school,standard,none,49,63,56
CF0696,female,group D,some college,free/reduced,none,79,89,86
CF0697,female,group C,associate's degree,standard,completed,75,82,90
CF0698,female,group A,bachelor's degree,standard,none,59,72,70
CF0699,female,group D,associate's degree,standard,completed,57,78,79
CF0700,male,group C,high school,free/reduced,none,66,66,59
CF0701,female,group E,bachelor's degree,standard,completed,79,81,82
CF0702,female,group B,some high school,standard,none,57,67,72
CF0703,male,group A,bachelor's degree,standard,completed,87,84,87
CF0704,female,group D,some college,standard,none,63,64,67
CF0705,female,group B,some high school,free/reduced,completed,59,63,64
CF0706,male,group A,bachelor's degree,free/reduced,none,62,72,65
CF0707,male,group D,high school,standard,none,46,34,36
CF0708,male,group C,some college,standard,none,66,59,52
CF0709,male,group D,high school,standard,none,89,87,79
CF0710,female,group D,associate's degree,free/reduced,completed,42,61,58
CF0711,male,group C,some college,standard,completed,93,84,90
CF0712,female,group E,some high school,standard,completed,80,85,85
CF0713,female,group D,some college,standard,none,98,100,99
CF0714,male,group D,master's degree,standard,none,81,81,84
CF0715,female,group B,some high school,standard,completed,60,70,74
CF0716,female,group B,associate's degree,free/reduced,completed,76,94,87
CF0717,male,group C,associate's degree,standard,completed,73,78,72
CF0718,female,group C,associate's degree,standard,completed,96,96,99
CF0719,female,group C,high school,standard,none,76,76,74
CF0720,male,group E,associate's degree,free/reduced,completed,91,73,80
CF0721,female,group C,some college,free/reduced,none,62,72,70
CF0722,male,group D,some high school,free/reduced,completed,55,59,59
CF0723,female,group B,some high school,free/reduced,completed,74,90,88
CF0724,male,group C,high school,standard,none,50,48,42
CF0725,male,group B,some college,standard,none,47,43,41
CF0726,male,group E,some college,standard,completed,81,74,71
CF0727,female,group E,associate's degree,standard,completed,65,75,77
CF0728,male,group E,some high school,standard,completed,68,51,57
CF0729,female,group D,high school,free/reduced,none,73,92,84
CF0730,male,group C,some college,standard,none,53,39,37
CF0731,female,group B,associate's degree,free/reduced,completed,68,77,80
CF0732,male,group A,some high school,free/reduced,none,55,46,43
CF0733,female,group C,some college,standard,completed,87,89,94
CF0734,male,group D,some high school,standard,none,55,47,44
CF0735,female,group E,some college,free/reduced,none,53,58,57
CF0736,male,group C,master's degree,standard,none,67,57,59
CF0737,male,group C,associate's degree,standard,none,92,79,84
CF0738,female,group B,some college,free/reduced,completed,53,66,73
CF0739,male,group D,associate's degree,standard,none,81,71,73
CF0740,male,group C,high school,free/reduced,none,61,60,55
CF0741,male,group D,bachelor's degree,standard,none,80,73,72
CF0742,female,group A,associate's degree,free/reduced,none,37,57,56
CF0743,female,group C,high school,standard,none,81,84,82
CF0744,female,group C,associate's degree,standard,completed,59,73,72
CF0745,male,group B,some college,free/reduced,none,55,55,47
CF0746,male,group D,associate's degree,standard,none,72,79,74
CF0747,male,group D,high school,standard,none,69,75,71
CF0748,male,group C,some college,standard,none,69,64,68
CF0749,female,group C,bachelor's degree,free/reduced,none,50,60,59
CF0750,male,group B,some college,standard,completed,87,84,86
CF0751,male,group D,some high school,standard,completed,71,69,68
CF0752,male,group E,some college,standard,none,68,72,65
CF0753,male,group C,master's degree,free/reduced,completed,79,77,75
CF0754,female,group C,some high school,standard,completed,77,90,85
CF0755,male,group C,associate's degree,free/reduced,none,58,55,53
CF0756,female,group E,associate's degree,standard,none,84,95,92
CF0757,male,group D,some college,standard,none,55,58,52
CF0758,male,group E,bachelor's degree,free/reduced,completed,70,68,72
CF0759,female,group D,some college,free/reduced,completed,52,59,65
CF0760,male,group B,some college,standard,completed,69,77,77
CF0761,female,group C,high school,free/reduced,none,53,72,64
CF0762,female,group D,some high school,standard,none,48,58,54
CF0763,male,group D,some high school,standard,completed,78,81,86
CF0764,female,group B,high school,standard,none,62,62,63
CF0765,male,group D,some college,standard,none,60,63,59
CF0766,female,group B,high school,standard,none,74,72,72
CF0767,female,group C,high school,standard,completed,58,75,77
CF0768,male,group B,high school,standard,completed,76,62,60
CF0769,female,group D,some high school,standard,none,68,71,75
CF0770,male,group A,some college,free/reduced,none,58,60,57
CF0771,male,group B,high school,standard,none,52,48,49
CF0772,male,group D,bachelor's degree,standard,none,75,73,74
CF0773,female,group B,some high school,free/reduced,completed,52,67,72
CF0774,female,group C,bachelor's degree,free/reduced,none,62,78,79
CF0775,male,group B,some college,standard,none,66,65,60
CF0776,female,group B,some high school,free/reduced,none,49,58,55
CF0777,female,group B,high school,standard,none,66,72,70
CF0778,female,group C,some college,free/reduced,none,35,44,43
CF0779,female,group A,some college,standard,completed,72,79,82
CF0780,male,group E,associate's degree,standard,completed,94,85,82
CF0781,female,group D,associate's degree,free/reduced,none,46,56,57
CF0782,female,group B,master's degree,standard,none,77,90,84
CF0783,female,group B,high school,free/reduced,completed,76,85,82
CF0784,female,group C,associate's degree,standard,completed,52,59,62
CF0785,male,group C,bachelor's degree,standard,completed,91,81,79
CF0786,female,group B,some high school,standard,completed,32,51,44
CF0787,female,group E,some high school,free/reduced,none,72,79,77
CF0788,female,group B,some college,standard,none,19,38,32
CF0789,male,group C,associate's degree,free/reduced,none,68,65,61
CF0790,female,group C,master's degree,free/reduced,none,52,65,61
CF0791,female,group B,high school,standard,none,48,62,60
CF0792,female,group D,some college,free/reduced,none,60,66,70
CF0793,male,group D,high school,free/reduced,none,66,74,69
CF0794,male,group E,some high school,standard,completed,89,84,77
CF0795,female,group B,high school,standard,none,42,52,51
CF0796,female,group E,associate's degree,free/reduced,completed,57,68,73
CF0797,male,group D,high school,standard,none,70,70,70
CF0798,female,group E,associate's degree,free/reduced,none,70,84,81
CF0799,male,group E,some college,standard,none,69,60,54
CF0800,female,group C,associate's degree,standard,none,52,55,57
CF0801,male,group C,some high school,standard,completed,67,73,68
CF0802,male,group C,some high school,standard,completed,76,80,73
CF0803,female,group E,associate's degree,standard,none,87,94,95
CF0804,female,group B,some college,standard,none,82,85,87
CF0805,female,group C,some college,standard,none,73,76,78
CF0806,male,group A,some college,free/reduced,none,75,81,74
CF0807,female,group D,some college,free/reduced,none,64,74,75
CF0808,female,group E,high school,free/reduced,none,41,45,40
CF0809,male,group C,high school,standard,none,90,75,69
CF0810,male,group B,bachelor's degree,standard,none,59,54,51
CF0811,male,group A,some high school,standard,none,51,31,36
CF0812,male,group A,high school,free/reduced,none,45,47,49
CF0813,female,group C,master's degree,standard,completed,54,64,67
CF0814,male,group E,some high school,standard,completed,87,84,76
CF0815,female,group C,high school,standard,none,72,80,83
CF0816,male,group B,some high school,standard,completed,94,86,87
CF0817,female,group A,bachelor's degree,standard,none,45,59,64
CF0818,male,group D,bachelor's degree,free/reduced,completed,61,70,76
CF0819,female,group B,high school,free/reduced,none,60,72,68
CF0820,female,group C,some high school,standard,none,77,91,88
CF0821,female,group A,some high school,standard,completed,85,90,92
CF0822,female,group D,bachelor's degree,free/reduced,none,78,90,93
CF0823,male,group E,some college,free/reduced,completed,49,52,51
CF0824,female,group B,high school,free/reduced,none,71,87,82
CF0825,female,group C,some high school,free/reduced,none,48,58,52
CF0826,male,group C,high school,standard,none,62,67,58
CF0827,female,group C,associate's degree,free/reduced,completed,56,68,70
CF0828,female,group C,some high school,standard,none,65,69,76
CF0829,female,group D,some high school,free/reduced,completed,69,86,81
CF0830,male,group B,some high school,standard,none,68,54,53
CF0831,female,group A,some college,free/reduced,none,61,60,57
CF0832,female,group C,bachelor's degree,free/reduced,completed,74,86,89
CF0833,male,group A,bachelor's degree,standard,none,64,60,58
CF0834,female,group B,high school,standard,completed,77,82,89
CF0835,male,group B,some college,standard,none,58,50,45
CF0836,female,group C,high school,standard,completed,60,64,74
CF0837,male,group E,high school,standard,none,73,64,57
CF0838,female,group A,high school,standard,completed,75,82,79
CF0839,male,group B,associate's degree,free/reduced,completed,58,57,53
CF0840,female,group C,associate's degree,standard,none,66,77,73
CF0841,female,group D,high school,free/reduced,none,39,52,46
CF0842,male,group C,some high school,standard,none,64,58,51
CF0843,female,group B,high school,free/reduced,completed,23,44,36
CF0844,male,group B,some college,free/reduced,completed,74,77,76
CF0845,female,group D,some high school,free/reduced,completed,40,65,64
CF0846,male,group E,master's degree,standard,none,90,85,84
CF0847,male,group C,master's degree,standard,completed,91,85,85
CF0848,male,group D,high school,standard,none,64,54,50
CF0849,female,group C,high school,standard,none,59,72,68
CF0850,male,group D,associate's degree,standard,none,80,75,69
CF0851,male,group C,master's degree,standard,none,71,67,67
CF0852,female,group A,high school,standard,none,61,68,63
CF0853,female,group E,some college,standard,none,87,85,93
CF0854,male,group E,some high school,standard,none,82,67,61
CF0855,male,group C,some high school,standard,none,62,64,55
CF0856,female,group B,bachelor's degree,standard,none,97,97,96
CF0857,male,group B,some college,free/reduced,none,75,68,65
CF0858,female,group C,bachelor's degree,standard,none,65,79,81
CF0859,male,group B,high school,standard,completed,52,49,46
CF0860,male,group C,associate's degree,free/reduced,none,87,73,72
CF0861,female,group C,associate's degree,standard,none,53,62,53
CF0862,female,group E,master's degree,free/reduced,none,81,86,87
CF0863,male,group D,bachelor's degree,free/reduced,completed,39,42,38
CF0864,female,group C,some college,standard,completed,71,71,80
CF0865,male,group C,associate's degree,standard,none,97,93,91
CF0866,male,group D,some college,standard,completed,82,82,88
CF0867,male,group C,high school,free/reduced,none,59,53,52
CF0868,male,group B,associate's degree,standard,none,61,42,41
CF0869,male,group E,associate's degree,free/reduced,completed,78,74,72
CF0870,male,group C,associate's degree,free/reduced,none,49,51,51
CF0871,male,group B,high school,standard,none,59,58,47
CF0872,female,group C,some college,standard,completed,70,72,76
CF0873,male,group B,associate's degree,standard,completed,82,84,78
CF0874,male,group E,associate's degree,free/reduced,none,90,90,82
CF0875,female,group C,bachelor's degree,free/reduced,none,43,62,61
CF0876,male,group C,some college,free/reduced,none,80,64,66
CF0877,male,group D,some college,standard,none,81,82,84
CF0878,male,group C,some high school,standard,none,57,61,54
CF0879,female,group D,some high school,standard,none,59,72,80
CF0880,female,group D,associate's degree,standard,none,64,76,74
CF0881,male,group C,bachelor's degree,standard,completed,63,64,66
CF0882,female,group E,bachelor's degree,standard,completed,71,70,70
CF0883,female,group B,high school,free/reduced,none,64,73,71
CF0884,male,group D,bachelor's degree,free/reduced,none,55,46,44
CF0885,female,group E,associate's degree,standard,none,51,51,54
CF0886,female,group C,associate's degree,standard,completed,62,76,80
CF0887,female,group E,associate's degree,standard,completed,93,100,95
CF0888,male,group C,high school,free/reduced,none,54,72,59
CF0889,female,group D,some college,free/reduced,none,69,65,74
CF0890,male,group D,high school,free/reduced,none,44,51,48
CF0891,female,group E,some college,standard,completed,86,85,91
CF0892,female,group E,associate's degree,standard,none,85,92,85
CF0893,female,group A,master's degree,free/reduced,none,50,67,73
CF0894,male,group D,some high school,standard,completed,88,74,75
CF0895,female,group E,associate's degree,standard,none,59,62,69
CF0896,female,group E,some high school,free/reduced,none,32,34,38
CF0897,male,group B,high school,free/reduced,none,36,29,27
CF0898,female,group B,some high school,free/reduced,completed,63,78,79
CF0899,male,group D,associate's degree,standard,completed,67,54,63
CF0900,female,group D,some high school,standard,completed,65,78,82
CF0901,male,group D,master's degree,standard,none,85,84,89
CF0902,female,group C,master's degree,standard,none,73,78,74
CF0903,female,group A,high school,free/reduced,completed,34,48,41
CF0904,female,group D,bachelor's degree,free/reduced,completed,93,100,100
CF0905,female,group D,some high school,free/reduced,none,67,84,84
CF0906,male,group D,some college,standard,none,88,77,77
CF0907,male,group B,high school,standard,none,57,48,51
CF0908,female,group D,some college,standard,completed,79,84,91
CF0909,female,group C,bachelor's degree,free/reduced,none,67,75,72
CF0910,male,group E,bachelor's degree,standard,completed,70,64,70
CF0911,male,group D,bachelor's degree,free/reduced,none,50,42,48
CF0912,female,group A,some college,standard,none,69,84,82
CF0913,female,group C,bachelor's degree,standard,completed,52,61,66
CF0914,female,group C,bachelor's degree,free/reduced,completed,47,62,66
CF0915,female,group B,associate's degree,free/reduced,none,46,61,55
CF0916,female,group E,some college,standard,none,68,70,66
CF0917,male,group E,bachelor's degree,standard,completed,100,100,100
CF0918,female,group C,high school,standard,none,44,61,52
CF0919,female,group C,associate's degree,standard,completed,57,77,80
CF0920,male,group B,some college,standard,completed,91,96,91
CF0921,male,group D,high school,free/reduced,none,69,70,67
CF0922,female,group C,high school,free/reduced,none,35,53,46
CF0923,male,group D,high school,standard,none,72,66,66
CF0924,female,group B,associate's degree,free/reduced,none,54,65,65
CF0925,male,group D,high school,free/reduced,none,74,70,69
CF0926,male,group E,some high school,standard,completed,74,64,60
CF0927,male,group E,associate's degree,free/reduced,none,64,56,52
CF0928,female,group D,high school,free/reduced,completed,65,61,71
CF0929,male,group E,associate's degree,free/reduced,completed,46,43,44
CF0930,female,group C,some high school,free/reduced,none,48,56,51
CF0931,male,group C,some college,free/reduced,completed,67,74,70
CF0932,male,group D,some college,free/reduced,none,62,57,62
CF0933,male,group D,associate's degree,free/reduced,completed,61,71,73
CF0934,male,group C,bachelor's degree,free/reduced,completed,70,75,74
CF0935,male,group C,associate's degree,standard,completed,98,87,90
CF0936,male,group D,some college,free/reduced,none,70,63,58
CF0937,male,group A,associate's degree,standard,none,67,57,53
CF0938,female,group E,high school,free/reduced,none,57,58,57
CF0939,male,group D,some college,standard,completed,85,81,85
CF0940,male,group D,some high school,standard,completed,77,68,69
CF0941,male,group C,master's degree,free/reduced,completed,72,66,72
CF0942,female,group D,master's degree,standard,none,78,91,96
CF0943,male,group C,high school,standard,none,81,66,64
CF0944,male,group A,some high school,free/reduced,completed,61,62,61
CF0945,female,group B,high school,standard,none,58,68,61
CF0946,female,group C,associate's degree,standard,none,54,61,58
CF0947,male,group B,high school,standard,none,82,82,80
CF0948,female,group D,some college,free/reduced,none,49,58,60
CF0949,male,group B,some high school,free/reduced,completed,49,50,52
CF0950,female,group E,high school,free/reduced,completed,57,75,73
CF0951,male,group E,high school,standard,none,94,73,71
CF0952,female,group D,some college,standard,completed,75,77,83
CF0953,female,group E,some high school,free/reduced,none,74,74,72
CF0954,male,group C,high school,standard,completed,58,52,54
CF0955,female,group C,some college,standard,none,62,69,69
CF0956,male,group E,associate's degree,standard,none,72,57,62
CF0957,male,group C,some college,standard,none,84,87,81
CF0958,female,group D,master's degree,standard,none,92,100,100
CF0959,female,group D,high school,standard,none,45,63,59
CF0960,male,group C,high school,standard,none,75,81,71
CF0961,female,group A,some college,standard,none,56,58,64
CF0962,female,group D,some high school,free/reduced,none,48,54,53
CF0963,female,group E,associate's degree,standard,none,100,100,100
CF0964,female,group C,some high school,free/reduced,completed,65,76,75
CF0965,male,group D,some college,standard,none,72,57,58
CF0966,female,group D,some college,standard,none,62,70,72
CF0967,male,group A,some high school,standard,completed,66,68,64
CF0968,male,group C,some college,standard,none,63,63,60
CF0969,female,group E,associate's degree,standard,none,68,76,67
CF0970,female,group B,bachelor's degree,standard,none,75,84,80
CF0971,female,group D,bachelor's degree,standard,none,89,100,100
CF0972,male,group C,some high school,standard,completed,78,72,69
CF0973,female,group A,high school,free/reduced,completed,53,50,60
CF0974,female,group D,some college,free/reduced,none,49,65,61
CF0975,female,group A,some college,standard,none,54,63,67
CF0976,female,group C,some college,standard,completed,64,82,77
CF0977,male,group B,some college,free/reduced,completed,60,62,60
CF0978,male,group C,associate's degree,standard,none,62,65,58
CF0979,male,group D,high school,standard,completed,55,41,48
CF0980,female,group C,associate's degree,standard,none,91,95,94
CF0981,female,group B,high school,free/reduced,none,8,24,23
CF0982,male,group D,some high school,standard,none,81,78,78
CF0983,male,group B,some high school,standard,completed,79,85,86
CF0984,female,group A,some college,standard,completed,78,87,91
CF0985,female,group C,some high school,standard,none,74,75,82
CF0986,male,group A,high school,standard,none,57,51,54
CF0987,female,group C,associate's degree,standard,none,40,59,51
CF0988,male,group E,some high school,standard,completed,81,75,76
CF0989,female,group A,some high school,free/reduced,none,44,45,45
CF0990,female,group D,some college,free/reduced,completed,67,86,83
CF0991,male,group E,high school,free/reduced,completed,86,81,75
CF0992,female,group B,some high school,standard,completed,65,82,78
CF0993,female,group D,associate's degree,free/reduced,none,55,76,76
CF0994,female,group D,bachelor's degree,free/reduced,none,62,72,74
CF0995,male,group A,high school,standard,none,63,63,62
CF0996,female,group E,master's degree,standard,completed,88,99,95
CF0997,male,group C,high school,free/reduced,none,62,55,55
CF0998,female,group C,high school,free/reduced,completed,59,71,65
CF0999,female,group D,some college,standard,completed,68,78,77
CF1000,female,group D,some college,free/reduced,none,77,86,86
